-- --------------------------------------------------------
-- Хост:                         127.0.0.1
-- Версия сервера:               5.7.21-log - MySQL Community Server (GPL)
-- Операционная система:         Win64
-- HeidiSQL Версия:              9.5.0.5196
-- --------------------------------------------------------

/*!40101 SET @OLD_CHARACTER_SET_CLIENT=@@CHARACTER_SET_CLIENT */;
/*!40101 SET NAMES utf8 */;
/*!50503 SET NAMES utf8mb4 */;
/*!40014 SET @OLD_FOREIGN_KEY_CHECKS=@@FOREIGN_KEY_CHECKS, FOREIGN_KEY_CHECKS=0 */;
/*!40101 SET @OLD_SQL_MODE=@@SQL_MODE, SQL_MODE='NO_AUTO_VALUE_ON_ZERO' */;


-- Дамп структуры базы данных testyourself
CREATE DATABASE IF NOT EXISTS `testyourself` /*!40100 DEFAULT CHARACTER SET utf8 */;
USE `testyourself`;

-- Дамп структуры для таблица testyourself.groups
CREATE TABLE IF NOT EXISTS `groups` (
  `id` int(10) unsigned NOT NULL AUTO_INCREMENT,
  `mentor` int(10) unsigned NOT NULL,
  `theme` varchar(50) NOT NULL,
  PRIMARY KEY (`id`),
  KEY `mentor` (`mentor`),
  KEY `theme` (`theme`),
  CONSTRAINT `FK1_group_mentor` FOREIGN KEY (`mentor`) REFERENCES `users` (`id`) ON DELETE CASCADE ON UPDATE CASCADE,
  CONSTRAINT `FK2_group_theme` FOREIGN KEY (`theme`) REFERENCES `themes` (`theme`) ON DELETE CASCADE ON UPDATE CASCADE
) ENGINE=InnoDB AUTO_INCREMENT=2 DEFAULT CHARSET=utf8;

-- Дамп данных таблицы testyourself.groups: ~0 rows (приблизительно)
DELETE FROM `groups`;
/*!40000 ALTER TABLE `groups` DISABLE KEYS */;
INSERT INTO `groups` (`id`, `mentor`, `theme`) VALUES
	(1, 1, 'geography');
/*!40000 ALTER TABLE `groups` ENABLE KEYS */;

-- Дамп структуры для таблица testyourself.group_members
CREATE TABLE IF NOT EXISTS `group_members` (
  `member` int(10) unsigned DEFAULT NULL,
  `group_id` int(10) unsigned DEFAULT NULL,
  KEY `member` (`member`),
  KEY `group` (`group_id`),
  CONSTRAINT `FK1_member` FOREIGN KEY (`member`) REFERENCES `users` (`id`) ON DELETE CASCADE ON UPDATE CASCADE,
  CONSTRAINT `FK2_group_id` FOREIGN KEY (`group_id`) REFERENCES `groups` (`id`) ON DELETE CASCADE ON UPDATE CASCADE
) ENGINE=InnoDB DEFAULT CHARSET=utf8;

-- Дамп данных таблицы testyourself.group_members: ~0 rows (приблизительно)
DELETE FROM `group_members`;
/*!40000 ALTER TABLE `group_members` DISABLE KEYS */;
/*!40000 ALTER TABLE `group_members` ENABLE KEYS */;

-- Дамп структуры для таблица testyourself.group_task
CREATE TABLE IF NOT EXISTS `group_task` (
  `id` int(10) unsigned NOT NULL AUTO_INCREMENT,
  `party` int(11) unsigned NOT NULL,
  `test` int(11) unsigned NOT NULL,
  `finish_to` date NOT NULL,
  PRIMARY KEY (`id`),
  KEY `group` (`party`),
  KEY `test` (`test`),
  CONSTRAINT `FK1_task_group` FOREIGN KEY (`party`) REFERENCES `groups` (`id`) ON DELETE CASCADE ON UPDATE CASCADE,
  CONSTRAINT `FK2_task_test` FOREIGN KEY (`test`) REFERENCES `tests` (`id`) ON DELETE CASCADE ON UPDATE CASCADE
) ENGINE=InnoDB AUTO_INCREMENT=2 DEFAULT CHARSET=utf8;

-- Дамп данных таблицы testyourself.group_task: ~2 rows (приблизительно)
DELETE FROM `group_task`;
/*!40000 ALTER TABLE `group_task` DISABLE KEYS */;
INSERT INTO `group_task` (`id`, `party`, `test`, `finish_to`) VALUES
	(1, 1, 1, '2018-04-29');
/*!40000 ALTER TABLE `group_task` ENABLE KEYS */;

-- Дамп структуры для таблица testyourself.questions
CREATE TABLE IF NOT EXISTS `questions` (
  `id` int(10) unsigned NOT NULL AUTO_INCREMENT,
  `theme` varchar(50) DEFAULT NULL,
  `level` enum('1','2','3') DEFAULT NULL,
  `text` varchar(255) DEFAULT NULL,
  `image` varchar(255) DEFAULT NULL,
  `answer_correct` varchar(255) DEFAULT NULL,
  `answer_1` varchar(255) DEFAULT NULL,
  `answer_2` varchar(255) DEFAULT NULL,
  `answer_3` varchar(255) DEFAULT NULL,
  `author` int(10) unsigned DEFAULT NULL,
  PRIMARY KEY (`id`),
  KEY `theme` (`theme`),
  KEY `author` (`author`),
  CONSTRAINT `FK1_theme` FOREIGN KEY (`theme`) REFERENCES `themes` (`theme`) ON DELETE CASCADE ON UPDATE CASCADE,
  CONSTRAINT `FK2_author` FOREIGN KEY (`author`) REFERENCES `users` (`id`) ON DELETE CASCADE ON UPDATE CASCADE
) ENGINE=InnoDB AUTO_INCREMENT=22 DEFAULT CHARSET=utf8;

-- Дамп данных таблицы testyourself.questions: ~18 rows (приблизительно)
DELETE FROM `questions`;
/*!40000 ALTER TABLE `questions` DISABLE KEYS */;
INSERT INTO `questions` (`id`, `theme`, `level`, `text`, `image`, `answer_correct`, `answer_1`, `answer_2`, `answer_3`, `author`) VALUES
	(1, 'geography', '1', 'Столица Республики Беларусь', NULL, 'Минск', 'Москва', 'Могилев', 'Пинск', 1),
	(2, 'java', '1', 'question text', NULL, 'correct', '1', '2', '3', 1),
	(3, 'math', '1', 'question text', NULL, 'correct', '1', '2', '3', 1),
	(5, 'geography', '1', 'Столица Нидерландов', NULL, 'Амсердам', 'Антховен', 'Гаага', 'Брюге', 1),
	(6, 'geography', '1', 'Самая высока гора в мире', NULL, 'Эверест', 'Арарат', 'Анды', 'Не знаю больше гор', 1),
	(7, 'geography', '1', 'Количество материков на планете', NULL, '6', '5', '7', '4', 1),
	(9, 'geography', '1', 'Назовите город на фотографии', 'http://ipic.su/img/img7/fs/london-kerc-VK.1523363480.jpg', 'Лондон', 'Париж', 'Нью-Йорк', 'Москва', 1),
	(10, 'geography', '1', 'Назовите страну', 'http://ipic.su/img/img7/fs/1200px-Flag_of_Australia_(converted).1523363571.png', 'Австралия', 'Великобритания', 'Канада', 'Новая Зеландия', 1),
	(11, 'geography', '1', 'Назовите страну', 'http://ipic.su/img/img7/fs/53b3b29c98281b66730a0f2a77082c0a.1523363641.jpg', 'Япония', 'Китай', 'Казахстан', 'Вьетнам', 1),
	(12, 'geography', '1', 'Назовите город-государство', NULL, 'Ватикан', 'Калининград', 'Барселона', 'Ницца', 1),
	(13, 'geography', '1', 'Континент на котором находится Республика Беларусь', NULL, 'Евразия', 'Европа', 'Азия', 'Беларусостан', 1),
	(14, 'geography', '1', 'Назовите страну', 'http://ipic.su/img/img7/fs/Beznazvaniya(1).1523363922.jpg', 'Австралия', 'Китай', 'Индия', 'Япония', 1),
	(15, 'starwars', '1', 'Количество эпизодов приквелов', NULL, '3', '2', '4', '6', 1),
	(16, 'starwars', '1', 'Назовите персонажа', 'http://ipic.su/img/img7/fs/Esb14.1523364121.jpg', 'Чубакка', 'Эвок', 'Йода', 'Принцесса Лея', 1),
	(17, 'starwars', '1', 'Название космической станции Империи', NULL, 'Звезда смерти', 'Смерть звезд', 'Звездный разрушитель', 'Сокол тысячелетия', 1),
	(18, 'starwars', '1', 'Как называют детей начавших обучение пути Джедая', NULL, 'Юнленг', 'Падаван', 'Маленький джедай', 'Нуб', 1),
	(19, 'starwars', '1', 'Фамилия главных действующи персонажей саги', NULL, 'Скайвокер', 'Бэггинс', 'Соло', 'Холмс', 1),
	(20, 'starwars', '1', 'Как называют этих солдат Империи', 'http://ipic.su/img/img7/fs/SS2124_01.1523364424.jpg', 'Штурмовик', 'Десантник', 'Морпех', 'Имперский гвардеец', 1),
	(21, 'java', '1', 'updatdText', NULL, 'correct', 'answ1', 'answ2', 'answ3', 2);
/*!40000 ALTER TABLE `questions` ENABLE KEYS */;

-- Дамп структуры для таблица testyourself.questions-temp
CREATE TABLE IF NOT EXISTS `questions-temp` (
  `id` int(10) unsigned NOT NULL AUTO_INCREMENT,
  `theme` varchar(50) DEFAULT NULL,
  `level` enum('1','2','3') DEFAULT NULL,
  `text` varchar(255) DEFAULT NULL,
  `image` blob,
  `answer-correct` varchar(255) DEFAULT NULL,
  `answer 1` varchar(255) DEFAULT NULL,
  `answer 2` varchar(255) DEFAULT NULL,
  `answer 3` varchar(255) DEFAULT NULL,
  `author` int(10) unsigned DEFAULT NULL,
  PRIMARY KEY (`id`),
  KEY `theme` (`theme`),
  KEY `author` (`author`),
  CONSTRAINT `FK1_theme_temp` FOREIGN KEY (`theme`) REFERENCES `themes` (`theme`) ON DELETE CASCADE ON UPDATE CASCADE,
  CONSTRAINT `FK2_author_temp` FOREIGN KEY (`author`) REFERENCES `users` (`id`) ON DELETE CASCADE ON UPDATE CASCADE
) ENGINE=InnoDB DEFAULT CHARSET=utf8;

-- Дамп данных таблицы testyourself.questions-temp: ~0 rows (приблизительно)
DELETE FROM `questions-temp`;
/*!40000 ALTER TABLE `questions-temp` DISABLE KEYS */;
/*!40000 ALTER TABLE `questions-temp` ENABLE KEYS */;

-- Дамп структуры для таблица testyourself.result
CREATE TABLE IF NOT EXISTS `result` (
  `id` int(10) unsigned NOT NULL AUTO_INCREMENT,
  `test` int(10) unsigned DEFAULT NULL,
  `mark` int(11) unsigned DEFAULT NULL,
  `passed` tinyint(3) unsigned DEFAULT NULL,
  `user` int(10) unsigned DEFAULT NULL,
  PRIMARY KEY (`id`),
  KEY `test` (`test`),
  KEY `user` (`user`),
  CONSTRAINT `FK1_result_test` FOREIGN KEY (`test`) REFERENCES `tests` (`id`) ON DELETE CASCADE ON UPDATE CASCADE,
  CONSTRAINT `FK2_result_user` FOREIGN KEY (`user`) REFERENCES `users` (`id`) ON DELETE CASCADE ON UPDATE CASCADE
) ENGINE=InnoDB AUTO_INCREMENT=2 DEFAULT CHARSET=utf8;

-- Дамп данных таблицы testyourself.result: ~0 rows (приблизительно)
DELETE FROM `result`;
/*!40000 ALTER TABLE `result` DISABLE KEYS */;
INSERT INTO `result` (`id`, `test`, `mark`, `passed`, `user`) VALUES
	(1, 4, 100, 1, 2);
/*!40000 ALTER TABLE `result` ENABLE KEYS */;

-- Дамп структуры для таблица testyourself.task-result
CREATE TABLE IF NOT EXISTS `task-result` (
  `member` int(10) unsigned DEFAULT NULL,
  `task` int(10) unsigned DEFAULT NULL,
  `date` date DEFAULT NULL,
  `mark` date DEFAULT NULL,
  `passed` date DEFAULT NULL,
  KEY `member` (`member`),
  KEY `task` (`task`),
  CONSTRAINT `FK1_task_result_member` FOREIGN KEY (`member`) REFERENCES `users` (`id`) ON DELETE CASCADE ON UPDATE CASCADE,
  CONSTRAINT `FK2_task_task` FOREIGN KEY (`task`) REFERENCES `group_task` (`id`) ON DELETE CASCADE ON UPDATE CASCADE
) ENGINE=InnoDB DEFAULT CHARSET=utf8;

-- Дамп данных таблицы testyourself.task-result: ~0 rows (приблизительно)
DELETE FROM `task-result`;
/*!40000 ALTER TABLE `task-result` DISABLE KEYS */;
/*!40000 ALTER TABLE `task-result` ENABLE KEYS */;

-- Дамп структуры для таблица testyourself.tests
CREATE TABLE IF NOT EXISTS `tests` (
  `id` int(10) unsigned NOT NULL AUTO_INCREMENT,
  `theme` varchar(50) DEFAULT NULL,
  `level` enum('1','2','3') DEFAULT NULL,
  `author` int(10) unsigned DEFAULT NULL,
  PRIMARY KEY (`id`),
  KEY `theme` (`theme`),
  KEY `author` (`author`),
  CONSTRAINT `FK1_theme_test` FOREIGN KEY (`theme`) REFERENCES `themes` (`theme`) ON DELETE CASCADE ON UPDATE CASCADE,
  CONSTRAINT `FK2_author_test` FOREIGN KEY (`author`) REFERENCES `users` (`id`) ON DELETE CASCADE ON UPDATE CASCADE
) ENGINE=InnoDB AUTO_INCREMENT=6 DEFAULT CHARSET=utf8;

-- Дамп данных таблицы testyourself.tests: ~4 rows (приблизительно)
DELETE FROM `tests`;
/*!40000 ALTER TABLE `tests` DISABLE KEYS */;
INSERT INTO `tests` (`id`, `theme`, `level`, `author`) VALUES
	(1, 'geography', '1', 1),
	(2, 'java', '1', 1),
	(3, 'math', '1', 1),
	(4, 'starwars', '1', 1),
	(5, 'starwars', '2', 1);
/*!40000 ALTER TABLE `tests` ENABLE KEYS */;

-- Дамп структуры для таблица testyourself.tests-temp
CREATE TABLE IF NOT EXISTS `tests-temp` (
  `id` int(10) unsigned NOT NULL AUTO_INCREMENT,
  `theme` varchar(50) DEFAULT NULL,
  `author` int(10) unsigned DEFAULT NULL,
  `level` enum('1','2','3') DEFAULT NULL,
  PRIMARY KEY (`id`),
  KEY `theme` (`theme`),
  KEY `author` (`author`),
  CONSTRAINT `FK1_theme_temp_test` FOREIGN KEY (`theme`) REFERENCES `themes` (`theme`) ON DELETE CASCADE ON UPDATE CASCADE,
  CONSTRAINT `FK2_author_temp_test` FOREIGN KEY (`author`) REFERENCES `users` (`id`) ON DELETE CASCADE ON UPDATE CASCADE
) ENGINE=InnoDB DEFAULT CHARSET=utf8;

-- Дамп данных таблицы testyourself.tests-temp: ~0 rows (приблизительно)
DELETE FROM `tests-temp`;
/*!40000 ALTER TABLE `tests-temp` DISABLE KEYS */;
/*!40000 ALTER TABLE `tests-temp` ENABLE KEYS */;

-- Дамп структуры для таблица testyourself.test_questions
CREATE TABLE IF NOT EXISTS `test_questions` (
  `test` int(10) unsigned DEFAULT NULL,
  `question` int(10) unsigned DEFAULT NULL,
  KEY `test` (`test`),
  KEY `question` (`question`),
  CONSTRAINT `FK1 _test_1` FOREIGN KEY (`test`) REFERENCES `tests` (`id`) ON DELETE CASCADE ON UPDATE CASCADE,
  CONSTRAINT `FK2_question_1` FOREIGN KEY (`question`) REFERENCES `questions` (`id`)
) ENGINE=InnoDB DEFAULT CHARSET=utf8;

-- Дамп данных таблицы testyourself.test_questions: ~18 rows (приблизительно)
DELETE FROM `test_questions`;
/*!40000 ALTER TABLE `test_questions` DISABLE KEYS */;
INSERT INTO `test_questions` (`test`, `question`) VALUES
	(1, 1),
	(2, 2),
	(3, 3),
	(1, 5),
	(1, 6),
	(1, 7),
	(1, 9),
	(1, 10),
	(1, 11),
	(1, 12),
	(1, 13),
	(1, 14),
	(4, 15),
	(4, 16),
	(4, 17),
	(4, 18),
	(4, 19),
	(4, 20),
	(5, 1),
	(5, 2);
/*!40000 ALTER TABLE `test_questions` ENABLE KEYS */;

-- Дамп структуры для таблица testyourself.themes
CREATE TABLE IF NOT EXISTS `themes` (
  `theme` varchar(50) NOT NULL DEFAULT 'undefined',
  PRIMARY KEY (`theme`)
) ENGINE=InnoDB DEFAULT CHARSET=utf8;

-- Дамп данных таблицы testyourself.themes: ~4 rows (приблизительно)
DELETE FROM `themes`;
/*!40000 ALTER TABLE `themes` DISABLE KEYS */;
INSERT INTO `themes` (`theme`) VALUES
	('geography'),
	('java'),
	('math'),
	('starwars');
/*!40000 ALTER TABLE `themes` ENABLE KEYS */;

-- Дамп структуры для таблица testyourself.users
CREATE TABLE IF NOT EXISTS `users` (
  `id` int(10) unsigned NOT NULL AUTO_INCREMENT,
  `login` varchar(12) DEFAULT NULL,
  `pass` varchar(12) DEFAULT NULL,
  `name` varchar(50) DEFAULT NULL,
  `surname` varchar(50) DEFAULT NULL,
  `e_mail` varchar(50) DEFAULT NULL,
  `avatar` blob,
  `role` enum('user','moderator','mentor','admin') DEFAULT 'user',
  `theme` varchar(50) DEFAULT NULL,
  PRIMARY KEY (`id`),
  KEY `theme` (`theme`),
  CONSTRAINT `FK1_mentor_theme` FOREIGN KEY (`theme`) REFERENCES `themes` (`theme`) ON DELETE CASCADE ON UPDATE CASCADE
) ENGINE=InnoDB AUTO_INCREMENT=3 DEFAULT CHARSET=utf8;

-- Дамп данных таблицы testyourself.users: ~0 rows (приблизительно)
DELETE FROM `users`;
/*!40000 ALTER TABLE `users` DISABLE KEYS */;
INSERT INTO `users` (`id`, `login`, `pass`, `name`, `surname`, `e_mail`, `avatar`, `role`, `theme`) VALUES
	(1, 'admin', 'admin', 'admin', 'admin', 'admin', _binary 0x89504E470D0A1A0A0000000D49484452000000E1000000E10803000000096D2248000000BA504C5445DBDBDB000000FFFFFF000813E2E2E200060CDFDFDFE3E3E3000815EBECEB000009363A40ADAEAF010409818285E3E4E6747679C5C6C7D0D0D0CFCFCF717171D7D7D7C0C0C0898989A1A1A190909035353598989800000D6B6B6B5D5D5D5353533E3E3EB7B7B70E0E0E797A7E4747472222224040409E9FA22D2D2D6262625555551C1C1CA8A8A83737379696966D6D6D282C3372757B47494F14171F575A601717171F212835373E0003150B121C42454C5B5E62F3F3F451545A6124C43400000C4A49444154789CED9DE97ADA3814862DF0488400618959126721846C25499B4ED3764AEFFFB6C6D6E24DB2ADAD45CEE3EF4F826D402F3A928E8E36CF6BD5AA55AB56AD5AB56AD5AA55AB56AD5AB56AD5AA55AB56AD5AB56AD5AA55ABBFA9990F0F9D843F2B387F9AA18FCD884EC1D3328008CB8F04E187029E4640770080872BACCBCBC7D3C5723DF5D047C184CBC741004F41519FAE1673F8110A2884687A059E9FB61C62A4ED78DEF4020AD16C79FAFC494447753B68723EA2E0FCAE028EEA7A8D0E9D504DF953BEF08975E135321BFD85245FA46FF3E665230C6EE50123AD9A860883072540001E1B66A8BE5A0EC6BA3E749A95E4AF940101B8F30F9D6C05051A80008C9A83A8528D6675E874CB0B7DD3239C37A5B6816B3D40306A8A938AAE3409C1F6BC114511E954A44C170D40F45F0D0001583A6FA8FEA51120F8E63A21DA98013A9F89DAD568AA5BB74B22BC362604C1A121AA0407E68060E7B2999A5633581B97CD54CFE32EE8D261420BF54CA43387AD149EDB20040E13FA632B8487C6A890A1C3D60042A8D9F3CDCB65BFCD4E3974395E037736082F1D0E9DDA692D9CEE22CE6C103A1D72B3E2D39C3B5CD3789E66902D27A73D6F78668170ED3221521FAEE0357399D04AEFC9E91EB015C7F4D010958226A152AA07978DD48ADB76EBB04B63274EE372173F229C98139E3A4D68C36D5B395D0E6DB86D8EC7BC3DE1F4352539EDB4454E8D79CCDBED816078A43D389A2870B9A681F391C44CBD1A8D9CEE3D19E361B95B12AD8CCB447A74D64E2D85BC1D0EB6D9F0BB633DB84BF86287F0D95DC2A51DC22777092DD534EE064CA1957029000B67093F7E7B68652646A489BB84FEA3154277012D35F92E4F1982731B844ECF36F16E2C100E1CB6520F3D5920743AE66DC36F73B918DA89262E5C36D2A8BD783626743B4EA3BDD22295DBC316365C53C703C2E699B83D3440BDFCD599F640F0C3A73B877DD244104D750947470D59348374099DF666B2D2EE624C0F9D7259E9C66BCE9C1EFDCD0A6A1644A7A77BE585F4260E393D55282FCD99B48D31525D07DCF101FCBCB4CCD471973B2F9D118C6D838CD4D39AB1E0BCCB9D9746A3EF74F082977AD4CDDDC18A12296F8CD1844E454EAAE350EE8EA895CA579B95D1A8A682482D139F9AD55460A9AD2E717BCAA5586A5DA8AB26E6A152F8DBE575A36552EB5F7C3B747235A4B8DAB2611E4D2CC561A82612AA39354D6C0FD5BA888D092466A4B68CCDF5D9DD0229F6109D9E362B966244B14191442AD50E62E3BA87CABDA7E639A6AA917DB7E72788A43A2BC3F5C16D5EFE488DD0ED759522F9171F9D5079765463C60E9994577537CA318581464838EE5C04CDA084DE65E446EB4413E15523F62E47F32DDE33C097DDAE1CEB1B7ECB2318397F5E02C4338670EB8D14DA8B87690C16B730CF13B79B7E3489E7B2DF9044CAEF637A4D0A209944BD72784E0DA453BECE68362049CFED8A9A26DDA2E87AE2262344704717015F3143F3A5AA9B64315E523B8D27C8B1232120F483E5259F64CF97E8438D93FA331326DF8EE6BE3390D0F727AB5CFB9E592109677573DB17690391EF53DE9C0E5C38A4254AC37C548C39657BB3705ABD7EFD3CD302F253382E97817FC8F603A260F02A386125376D0406554B8576D9265E38FDF6F6657698AC8C0FC85996ECB7939F1803BDF215ECEB7CE35732C1F879F4D70F15E28B5E0561F478494FEA665E78B07C0AF5F67410FCB53624FA39D7A3CAF339B8C94DE2AD87B6DCD07DF524F1CBE5F4CF1F8215D966B0BBA88BF5F2D3B7906020EA6CCAA5B6761AFCDDEA8FB69411DEEC5C665708C10435DEBDB9159C0F2433D17FBB59FF9942097DC4370B257A1538CFA8E0DE3C09EC4D7A29C3E32EB06AAF91C782BC9DC270A030BAEBAF6B1F5199D2781BDBAB95BC8CEB95C5AB5A4842BCEB4336FD63614F57314E7EF3385E9A9FABE84F943AB25584911132EF6021EECAEB6C0E7ABD34CA48E869F09547E8A1470AF2B22456A1B7FDE9C35ABFCF0CE75587DE95AB2C42CFACF0A28C50730B5BED712BED1D654BF6B5480BE2A6C44A7537E9D51CB8D25F2DB915D734D3B423253E654D7F5F0DCD29E2FADB76099B82DCE7098BA2C162F7A50622D2AA642A08F39DA881E01993957DBC0B5827A3A5F5A2D417DD3D4114DF646F50F5A268B401043FFD07F11D287E52B0F27855F5C7D5487B0DA1F0DB44E7EBDC708665B483AD6A9361B6C3457101937816DFB698D59C25AB485C81974BE384C68C8A139C4A32A798D5663B492B0ECF99ED61C94D7082A249DFBBE2AF0E8DBE54CD4C0DF7B4E21A60E8F13B11F04DA2D94AF707A59139C35DABF9C5A030285A200F687AB282526D6A662FA2E60206F95C1438356A238EBC54164E196F4B26D8CB0A7AD9CA4BE4D220BD9E4C22954DA48D371E177A18280D418A00CDF7459107F490F15EB922828C1F285A40627E488DFC2E68167699112C5A46CF35F78DCF5590EF4359D8B28B0F28E66BCA67BE2635FF596FA40B22B270C201EF56E72D9FB3281B272949B717BEF977718E5BD187E0F628352FFBF253A9AD9CF8533CD20816010A996865AB37D97394EC9CBC959F89C7BB8185954EA6CD3D91641E5A394AA560313E3F1C57B0631BDF29DBBF3075D9887221459193948BAADA39ED4BD271B373F056FEF714CE36CDD67C76EC467229AA9D62986F7FA1C8E5CCD8B18D9DEC62DDC800DAFA39731D0C61D4E72525549E155E26B98268E9CB3279241EFACCEEE269E3ACAF582F128476F6208D95D63562234C07E12CD53340AE45B4B5B17AA439F289D05A74FBF6C867F76D150CB095C84329A774F88F84C0ED98E937E06FF7B7C9ED57C16D4E43294409D7D497E9690FBB897AB1BADDC2057CAD9F7B3EBD4E15A69F87DFD765F70A0F9217BD7FA408EBD731CAD5DB09610291A43BFF605F745D8898DE2BBC97BD9023ACEF23CA157A46D8FFBE3F8AB5BF67C9064B72259237198C8E190FD8B0EBFB5FF452D847ECD22B00637C7F0DBA604AAF7EC6886014DFD81F877284D7B584BE6084A19C10DC77888E12C24127A793116104A3E4D28041FF4A2E8D01BD3F89084FE8C51D79E302BF38EECB11D62F0A47525B9224842C359D3720268CE0FF0379C213FE5121E1BE1F6A10D66EFA1648ED573D6446CA670C47D8E9FC0639C2CE7B481E3DAA26EC2C8006615D9B2FD9DE0F0B461AFDE0158431529670849FED1FA757C484273A84756DBE64108A11E2C4EC938C4A0967E3CD663563498DD39D219C9002B6AA23ECFC4A335F9AB06EA9A664579B10D25C204918E408497FF03DA0493DEED38492D413C220BD5042388D09376A8475CBFC90DC6ED5C3AC91028873B240485A4B8AB86304BB24BFC3AFF8DFFB2AC2884B9DB0667706C971434CD8236981204D7681B01BF6484A7D4630C2B5CB32CE9BD3F8BFE0BC8490D44271F3A84A58DDCF97ED580C33467A4FDBB5B580B00BD6F8E59E15A7D19A004777E6F17FABB23C5CFBF8752F5426ACAE6A64A3DDC38C91BE81DE3E35D322E12BC9C4EF94607181FF8451E58ADFF4B994908045E95125ACAE6A64637AC34C4D1AFB593811D81B2B10D2D216FD0C84E0FE07FEB301C337F2E66509E11CD09F4D99B0DAAB91EDA8C584FDFF3A24295DF0929A6981B00708E1BF8C1078E44DC400D6B40C8B0859EE8E55092BBD1A398F8610D2247C01DDFE1BC110107639425AFF920AF8823E2E227CC7174EC0852A61556C5F3AE4354C7D52FC7A9F9869D14AC3829582DFE435B1DEB094304A09A9A4DE1E5509AB268049C74B86494D7AF2BAD96CBE788999166B1A0294D434F7F4D778C1A56B0A2A08E9174CFE5525ACDA62433A543ACCF9A4890484E4A9FD8F947082D9485B5145C82AB02FAA8455A317D20387C36ECEF560BA001C21B15F2FF169D83FF8FAF77E25216967A1326145AC467ADAD530D73348342F12B28CBE670403D0FF9C3C7E943CCE13CE627BF0D38F5621AC18CF979EEB35141A6964A6614218867D90741F3EF713C22E40ECE9410561C6E956262C3FA9463E183C64463A1F10917AAFF3CA0AD6BAF7FE7E3C8299BC4D09931EE4AF1A4266E3AA84E5E798CACF661B32234DAEEC6902453DE0FDCF7E96908567E228056D12CA085FB408CF4A09E5C747FAD4482749C34E33311411BEA51DD9B87C522700BF99F8DF02C220FEE410249FA142585E99CACFC1E803D67365843463C63CE13E1B89C284B4EF3FAA22F4B27EBC2A616965AA30839586A0C2B09BF7CE261CE17D2E9A880969FD13C7436B08C3772DC2F24EB0C267E0AF9D6642DD13CABCCED0C175D457A1813512508ADD1E1AA1C32156FAB60D238C1A091282A32147F6B16A84659D608581D8E1573C9490C6ECE3EE7CA41F3F93E189DE0FFC6492C999618B3EFE074743C3748882FC17D24B3FE91B418F5D5720CC7AA6FF03C812EB2806CA991D0000000049454E44AE426082, 'admin', NULL),
	(2, 'test', 'test', 'testName', 'testSurname', 'testEmail', NULL, 'admin', NULL);
/*!40000 ALTER TABLE `users` ENABLE KEYS */;

-- Дамп структуры для таблица testyourself.user_groups
CREATE TABLE IF NOT EXISTS `user_groups` (
  `user_id` int(10) unsigned DEFAULT NULL,
  `group_id` int(10) unsigned DEFAULT NULL,
  KEY `user` (`user_id`),
  KEY `group` (`group_id`),
  CONSTRAINT `FK1_user_groups` FOREIGN KEY (`user_id`) REFERENCES `users` (`id`) ON DELETE CASCADE ON UPDATE CASCADE,
  CONSTRAINT `FK2_user_groupsoff` FOREIGN KEY (`group_id`) REFERENCES `groups` (`id`) ON DELETE CASCADE ON UPDATE CASCADE
) ENGINE=InnoDB DEFAULT CHARSET=utf8;

-- Дамп данных таблицы testyourself.user_groups: ~1 rows (приблизительно)
DELETE FROM `user_groups`;
/*!40000 ALTER TABLE `user_groups` DISABLE KEYS */;
INSERT INTO `user_groups` (`user_id`, `group_id`) VALUES
	(2, 1);
/*!40000 ALTER TABLE `user_groups` ENABLE KEYS */;

/*!40101 SET SQL_MODE=IFNULL(@OLD_SQL_MODE, '') */;
/*!40014 SET FOREIGN_KEY_CHECKS=IF(@OLD_FOREIGN_KEY_CHECKS IS NULL, 1, @OLD_FOREIGN_KEY_CHECKS) */;
/*!40101 SET CHARACTER_SET_CLIENT=@OLD_CHARACTER_SET_CLIENT */;
